{"cameraMode":{"drawMode":0,"name":"Shaded","section":"Shading Mode"},"sceneLighting":false,"audioPlay":false,"sceneViewState":{"showFog":true,"showMaterialUpdate":false,"showSkybox":true,"showFlares":true,"showImageEffects":true,"showParticleSystems":true},"in2DMode":false,"pivot":{"x":-0.528777539730072,"y":0.9846104383468628,"z":11.460000038146973},"rotation":{"x":0.029473982751369478,"y":-0.8937637209892273,"z":0.05938004329800606,"w":0.4436121881008148},"size":2.472548484802246,"orthographic":false}